,text,FOOD,AMBIENCE,PRICE,SERVICE
1011,"Lokasinya bikin macet , tempatnya panas . Makanannya jg gak enak , harga mahal banget .",NEGATIVE,NEGATIVE,NEGATIVE,UNKNOWN
1013,"tempatny cozy menurut gue , waktu itu sih d dalem , jadi ga panas , tapi gatau kalau d luar , mungkin ga panas-panas banget karena udara bogor . gue beli ice mocha , mnurut gua ice mochanya enak buat gua yang suka ice mocha , dan gua beli cinnamon rolls dan gue suka karena ga terlalu manis , recommended banget beli cheese cake nutella oreonyaa . harganya ga mahal2 . akan balik lagi ke sini buat beli ice mocha klo ke bogor : )",POSITIVE,POSITIVE,POSITIVE,UNKNOWN
1050,"Cuma satu , menu nya porsinya besar . Tapi pelayanannya LAMA ! Waitress bawa makanan ngga pake catetan nomer meja , jd entahlah pesanan kita lari ke meja mana dulu , apalagi klo duduknya diatas dan jauh dari tangga ( krn makanan dibawa dr kitchen di lt dasar ) . Untuk rasa enak , porsi seperti saya sdh bilang diatas cukup banyak , ga bakal kelaperan lah , harga pun sesuai , ga kemahalan . Kemarin dtg krn pnya kupon dr groupon , jd jatuhnya semakin murah lagi . Tapi sekali lagi their service ruin everything !",POSITIVE,UNKNOWN,POSITIVE,NEGATIVE
1054,"Lagi booming bgt , menurut saya rasanya biasa aja , pizzanya kejunya kurang banyak , untuk buble deesertnya lumayan lah , dan servicenya agak lama , tempatnya kurang besar .",NEGATIVE,NEGATIVE,UNKNOWN,NEGATIVE
1064,"Tempatnya bagus sih secara design , tapi makanannya ga enak . Saya nyobain nasi goreng lay , rasa nya alay , pelayanannya juga lama ( masaknya ) terus coco banana nya kecil banget .",NEGATIVE,POSITIVE,UNKNOWN,NEGATIVE
108,"OKU ... Makananya enak , penyajiannya kreatif , harganya masih ok untuk sebuah resto yg letaknya di dalam hotel terkenal.karena rame jadi harus nunggu di Loungenya .",POSITIVE,UNKNOWN,POSITIVE,UNKNOWN
1087,"kemaren dah ke sana karena penasaran,tempat sih okee gw kasi nilai 8,tp makanannya ugh sorry to say kurang enak (kasian kalo di bilang ngga enak),pesen beef stroganofe koq rasanya kaya rendang yaa,sm chicken basil rice ya ampuuunn berminyak banget wueeks.",NEGATIVE,POSITIVE,UNKNOWN,UNKNOWN
1099,"Judulnya sih malmingan cuma berdua an aja ma misua tanpa 2 jagoan gw,tertuju lah steak abuba pas pertama masuk suasananya sih nyaman bgt alias adem. Order yg pasti steak dan gw order steak rib eye,balck coffe,lemonade dan buat dessert nya gw order cheese cake oreo yg pas masuk mulut emmmm yummy bgt lumer dilidah. Tapi masih ada menu lain yg pgen gw cobain sih scra pelayanannya juga ramah dan cepet bgt.",POSITIVE,POSITIVE,UNKNOWN,POSITIVE
1113,"Tempatnya cozy banget buat nongkrong tp rasa makanan nya yang kurang enak hoho , harga sama porsinya itu juga minus banget harganya berapa porsinya kecil banget huhu .",NEGATIVE,POSITIVE,NEGATIVE,UNKNOWN
1126,"tempatnya cozy nyaman buat lama lama disana tapi sayang banget pelayanannya buruk . Waitersnya kebanyakan ngobrol jadi tiap dipanggil mesti berkali kali , kurang senyum jadi kalo liat males banget buat manggil tapi tertolonglah sama tempat dan pemandangannya . Makanannya juga enak bangeeeeet so ga terlalu mengecewakan juga .",POSITIVE,POSITIVE,UNKNOWN,NEGATIVE
1134,makanan enak porsi pas..tapi jangan datang ketika sudah jam mepet..pegawainya tidak sopan dan terkesan harus membayar dengan cepat..mohon lebih diperhatikan kesopanannya .,POSITIVE,UNKNOWN,POSITIVE,NEGATIVE
1137,"Dari segi pelayanan , menurut saya jelas sekali pelayanan tidak memuaskan . Saya mencoba hubungi nomor telp sabu hachi karang tengah untuk reservasi , telp diangkat tapi hanya didiamkan saja . Begitu terus berulang2 sampai 3 kali . Selain merugikan juga SANGAT TDAK SOPAN ! ! ! Bagaimana org mau tertarik datang kalau untuk layanan telp/reservasi saja tidak dilayani dengan baik . Mhn jd perhatian .",UNKNOWN,UNKNOWN,UNKNOWN,NEGATIVE
1151,"Porsi sangat kecil, tidak sesuai dengan harga yang dibayar. Jamin sangat mengecewakan!!! Kami tidak akan mengunjungi restaurant ini lagi. Merasa dibohongi dengan gambar gambar makanan yang menggoda tapi faktanya sangat mengecewakan. Saran untul pemilik, jangat berbisnis makanan dengan maksud menipu!!!",UNKNOWN,UNKNOWN,NEGATIVE,UNKNOWN
116,"Salah satu tempat favorit gue di area Gunawarman . Biasanya gue order Lunch Set karena udah dapat main course + drink + dessert . Untuk penggemar ox tounge , gue recommend untuk mesen Mrs Moo 's Gyutan Don Cabe Ijo . Selain rasanya yang enak banget , porsinya juga sangat mengenyangkan .",POSITIVE,UNKNOWN,POSITIVE,UNKNOWN
117,"Pertama kali dateng . Keliatan gak rame . Tapi pelayanannya jelek banget . Pesen , setelah 1 jam baru dianterin . Udah gitu dari 3 pesanan baru 2 yang jadi . Dan salah juga . Kurang profesional . Terima kasih untuk complementary . Semoga lebih bak .",UNKNOWN,UNKNOWN,UNKNOWN,NEGATIVE
1186,"Suka sama fish and chipsnya ! Ga kayak fish and chips di tempat2 lain , porsinya besar & rasanya enak juga ternyata , tapi sayang tempatnya kecil , kebetulan pas kesana hari minggu & rame , jadi berisik suasananya .",POSITIVE,NEGATIVE,POSITIVE,UNKNOWN
1223,"Mengecewakan banget. Tempatnya gak menarik, sepi pengunjung juga. Kotor sama kusam pula. Mungkin salah banget kenapa pindah dari tempat yang sebelumnya. Rasa sushinya gak enak banget. Super asin, kayak makan garam doang. Penyajiannya parah. Baru kali ini makan sushi malah bikin mual. Hmm.",NEGATIVE,NEGATIVE,UNKNOWN,UNKNOWN
1227,"Tempatnya sangat cozy, servicenya oke. Abuba steak ni lumayan rame apalagi kalo weekend. Gw makan disini 2x dgan 2 jenis makanan yang berbeda, tp keduanya ga ada yang special. Rasanya biasa. Yg enak disini itu homemade bbq sauce mereka.",NEGATIVE,POSITIVE,UNKNOWN,POSITIVE
1235,"Waktu pertama kali gue kesini, awal2 mereke buka, gue langsung suka banget karena makanan yg mereka sajikan bisa dibilang anti mainstream dan begitu gue makan pun rasanya enak banget! Walaupun harganya cukup mahal tapi worth it!! Gue sampe rekomendasi ke temen2 gue buat nyobaik makanan di sini.",POSITIVE,UNKNOWN,NEGATIVE,UNKNOWN
1236,"Suasana dan design sangat bagus . Kebersihannya pun bagus . Makanannya samgyetang enak korean style , tidak terlalu banyak rempah , bawang atau perasa tambahan lebih mengandalkan rasa asli dari ayam dan sedikit rempah dan kacang2an .",POSITIVE,POSITIVE,UNKNOWN,UNKNOWN
1247,"Servisnya paarrraahhhh!!! Saya dtg makan sini pada jam sepi, jam 2.30 siang tepatnya tapi mulai dari minta mangkok kosong, minta refil minum, mknan ga keluar sampe udah bersih meja semua bukan cuma lamban, tapi dicuekin!!! Sibuk? Engga! Ngobrol2 dipinggir!",UNKNOWN,UNKNOWN,UNKNOWN,NEGATIVE
1252,Tempat nya cozy bgt smoking areanya pun nyaman ber ac . enak banget apalagi pizza nya . Buat kalian yang belum coba silahkan datang sekarang juga harga nya lumayan kok termasuk murah klo di jajajran grand indonesia mah .,POSITIVE,POSITIVE,POSITIVE,UNKNOWN
1257,"Makanan lumayan enak dan suasanya asik . Sayang sekali pelayanannya buruk . Makanan & tamu masih ada , 2 orang pelayan udah membereskan meja tanpa permisi dan seperti gak punya etika dan makanan yg masih ada ikut diangkat . Too bad .",POSITIVE,POSITIVE,UNKNOWN,NEGATIVE
1270,"Tempatnya kecil and tempat parkirnya susah , tempatnya di lantai dua dan cuma ada beberapa meja di dalam dan luar , mungkin karena made from scratch , jadi agag lama , untuk makanan sehat , rasanya lumayan enak , walaopun engga familiar pesen naked burgreen n greenonigiri platter .",POSITIVE,POSITIVE,UNKNOWN,UNKNOWN
1272,"Pertama kali dateng rame bangettt trus waitersnya pada lama sampai saya angkat tangan 5 mnt ada kali. Baru disautin. Very bad their services 3:( And then gw mesen piggy cutton candy dan orang yg mesen stelah gw dilayanin!! What the.. dan gw mesen gulali selama 38 menit. Cuma mesen gulali doang. Kenapa gw begitu detail waktunya??? Soalnya gw pas itu ada janji jadi tau waktu. Gara"" shirayuki PIK gw jd TELAT ACARA PENTING.",UNKNOWN,UNKNOWN,UNKNOWN,NEGATIVE
1306,Tempatnya enak makanannya juga rasanya enak . Tapi waktu saya ke sana sedang ada renovasi sedikit walaupun tidak mengganggu . Dan dg penuh hormat pemilik menyampaikan permohonan maaf atas ketidaknyamanan yg terjadi akibat renovasi tsb Kalau liat di photowallnya.. cukup banyak jg org terkenal yg pernah singgah di sini .,POSITIVE,POSITIVE,UNKNOWN,UNKNOWN
1313,Makanannya enak dan harga nya relatif murah Porsi nya juga gede banget bahkan bisa untuk 2 orang Pelayanan nya juga sangat ramah Bisa pilih ruangan ac atau smoking,POSITIVE,UNKNOWN,POSITIVE,POSITIVE
1336,"Tempatnya enak banget buat nongkrong . Kopinya enak , harganya terjangkau , staffnya juga ramah2 . Tadi pesen hot latte , hot cappuccino & chocolate waffle , semuanya enak .",POSITIVE,POSITIVE,POSITIVE,POSITIVE
1339,Kesini pas bulan puasa . Tempatnya kecil . Ga ada lantai 2 nya . Udah gitu makanannya juga kurang enak . Kesini nyobain nasi iga balado . Temen nyobain nasi goreng comic . Nasi iga balado rasanya standar . Nasi gorengnya kurang enak . Buat pelayanannya jelek . Serba lelet . Masnya kayak males ngelayanin . Mau tambah pesenan ice tea malah ga dianterin sama masnya . Entah lupa atau entah ga diinget sama dia . So far ngga banget lah buat jadi tempat makan .,NEGATIVE,NEGATIVE,UNKNOWN,NEGATIVE
1354,"tempatnya sih sebenernya biasa aja buat yang gak suka komik superherro , tapi makanannya enak , harganya juga terjangkau .",POSITIVE,NEGATIVE,POSITIVE,UNKNOWN
136,"Tempatnya instagramable banget, pas banget kalo mau bikin acara lunch / dinner pake table set gitu. Beef burger & chicken burgernya enak, beef bowl ricenya enak, Chicken wingsnya yang BBQ enaaak!! Strawberry ice tea segar. Nilainya 8 dari 10. Nice place to hang out buat warga cibubur.",POSITIVE,POSITIVE,UNKNOWN,UNKNOWN
1373,Gila ini sushi paling parah yg pernah gw makan. Sushinya g gw habisin krn sampe terlalu eneg makannya. Pagi2 hbs makan sushi ini kmrn lgsg muntah2. Ewwww. Tidak akan kesini lagi.,NEGATIVE,UNKNOWN,UNKNOWN,UNKNOWN
1374,"Makanannya sih oke, tapi servicenya tuh jelek banget. Waitress mana yang ngitung uang di depan pelangganya? Goojob epigastro percuma kalau makanan berkualitas tapi serasa service emperan mungkin karena kita duduknya rada lama karena menunggu teman langsung di plototin walaupun restaurantnya sepi.",POSITIVE,UNKNOWN,UNKNOWN,NEGATIVE
1380,"Mie ayamnya enak, porsinya pas. Mie gorengnya juga enak. Pernah nyoba mie ayam hijaunya, tapi biasa aja. Nothing special. Setiap mau ke sini, pasti rame terus.",POSITIVE,UNKNOWN,POSITIVE,UNKNOWN
1397,"Tempatnya enak banget , waktu itu ke sini pesen mushroom rissotto sama chicken & pasta combo . Mushroom rissottonya enakk bangett bangett rasa garlicny berasa bgt . Chicken n pasta combony juga enak . Bner-bener ga rugii deh . It 's very recommended .",POSITIVE,POSITIVE,UNKNOWN,UNKNOWN
1401,"Suka banget sama tempat nya . Bersih , nyaman , adem , dan jauh dari kepenatan Jakarta . Gue pesen Berrywell Signature ukuran besar , dan rasanya oke banget . Gue habis dalam sekejap , harga nya juga murah . Terus pesen juga bisa pake gojek kalo males keluar rumah ! Pasti bakal balik lagi buat nyoba bowl yang lainnya .",POSITIVE,POSITIVE,POSITIVE,UNKNOWN
1404,Makanan Korean yg letaknya di Pasific Place ini . Paling suka sama rasa Samgyetang atau gingseng chicken stew . Tempatnya pun nyaman bisa duduk di luar resto sambil ngedengerin gemericik air .,POSITIVE,POSITIVE,UNKNOWN,UNKNOWN
1416,Tempatnya cozy buat nongkron . Enak juga kok buat ngerjain sesuatu yg serius juga . Makanannya sih enak2 . Apalagu green tea smoothiesnya enka parah . Sayang aja gak banyak segelasnya . Tapi pelayannya kurang memuaskan pake banget . Sering gue manggil pelayan dengan lambaian2 tangan ( karena tmpt gue di ujung ) tuh semua pelyan liat . Tapi datengnya gak sesegera mungkin . Ada jedanya lumayan banyak . Tapi giliran org lain lgs cepet ditanggepin . Gue ngerasa gue sama temen gue terlihat gak sih atau si pelayan punya dendam ke kita gak tau deh tuh .,POSITIVE,POSITIVE,UNKNOWN,NEGATIVE
142,Tempat ok. Pelayan judes dan lambat. Banyak menu yg habis. Tapi unt nongkrong ok. Rasanya ok. Harga juga standart.. tapi pelayannya payah bgt.,POSITIVE,POSITIVE,POSITIVE,NEGATIVE
1432,"Makanan disini lumayan ok , sashimi nya juga sangat fresh . Pelayanan nya jg bagus..dan variasi makanan jepang nya juga banyak..untuk harga memang agak sedikit mahal tetapi masih ok jika di perhitungkan dengan makanan nya .",POSITIVE,UNKNOWN,NEGATIVE,POSITIVE
1433,"kamis kmaren saya dan keluarga dine in di bibigo..restonya cozy apalagi klo duduknya dapet yg di perahu layar mini , bgs bgt view nya . makanannya juga enak..rekomended siy ayam khas korea nya..namanya "" red chicken "" ..daging ayamnya spt karage ditambah saos merah khas korea yg pedas manis . klo yg suka tokpokki..disini dijual dgn nama "" spicy rice cake "" klo ga salah..lupa namanya..rasanya juga enak..dan pedasnya pas . didalamnya selain rice cake ( terbuat dr tepung ketan kyknya ) ada tambahan fish cake , telur dan gorengan ubi..enak bgt pokoke..nyam2 .",POSITIVE,POSITIVE,UNKNOWN,UNKNOWN
1434,Gambar dimenu terlihat menarik tapi tidak sesuai yang dihidangkan. Paket AYCE hanya terbatas beberapa item. Daging terlihat tidak fresh apalagi yang namanya finger. Rasanya asin sekali hingga tidak bisa dimakan. Sepertinya ini daging yang telah expired kemudian diberi bumbu supaya tertutup tasa tidak segarnya.,NEGATIVE,UNKNOWN,UNKNOWN,UNKNOWN
1441,"rasa burgernya enak , smoothiesnya juga ! pelayannya ramah2 . salut sama ownernya yg humble bgt & mengedepankan customer satisfaction . sukses terus menyehatkan warga jkt & sekitarnya .",POSITIVE,UNKNOWN,UNKNOWN,POSITIVE
146,"Setelah olahraga di Kebun Raya Bogor , mencari tempat yang nyaman dan suasana santai untuk ngobrol bersama teman . Saya memesan hot cappuccino dan tersaji cantik . Hehehe . Cukup puas dengan rasa dan beberapa pilihan kopi yang ditawarkan oleh waiters . Saya ingin ke sana lagi untuk mencoba menu lainnya .",POSITIVE,POSITIVE,UNKNOWN,UNKNOWN
1467,Dateng kemari karena mau nyobain martabak telor mozarellanya . Pas sampe pelayannya lama banget ngasih menunya . Pas mau mesen juga susah manggilnya karena sibuk semua . Dan lebih parahnya pas nunggu pesanannya . Nunggu minuman dateng aja lama banget . Apalagi martabaknya . Dan pas dicobain ternyata rasanya enggak enak . Cukup sekali deh kemari .,NEGATIVE,UNKNOWN,UNKNOWN,NEGATIVE
1469,Suka bgt sama tempat ini apalagi kalo lg sepi ! Recommend buat anak2 yang mau belajar kelompok disini pelayanannya ok ! Pelayannya ga ngusir2 gt . Gue disini ada kali dr jam 11-16:00 So far buat makananya enak ! Suka sm aglio olionya . Untuk harga murah bgt : ),POSITIVE,POSITIVE,POSITIVE,POSITIVE
147,"Tempatnya bagus tp mungkin agak kecil. Suasananya tenang jg. Warnanya didominasi dengan warna hitam & putih. Keren! Pelayanannya bagus, cepat, dan pelayannya ramah-ramah juga. Di setiap lantai ada pelayannya yang jagain jd nggak hrs nyari pelayannya dulu. Kemarin pesan ""Carbonara Rice"" rasanya kurang enak sih.",NEGATIVE,POSITIVE,UNKNOWN,POSITIVE
1479,"Barusan late lunch disini , enakkkk semuanya pizzanya suka banget , pastanya jugaaa ... harga standard lahhhh ... Untuk service ya cepet pelayanannya ramah ramah . Cocok sih buat berdua ngobrol santaiiiii .",POSITIVE,UNKNOWN,POSITIVE,POSITIVE
1480,"Udah beberapa kali ke sini. Mie acehnya enak , bumbunya berasa banget, diantara yg udah dicobain paling suka mie rebusnya. Pedesnya pas, apalagi kalo pas lagi dimasak, bumbunya nusuk idung hehe. Tapi semuanya juga enak kok, nasi gorengnya, mie goreng nya sama mie tumisnya. Untuk tempatnya emng agak gerah sih apalagi kalo makan makanan pedes.",POSITIVE,NEGATIVE,UNKNOWN,UNKNOWN
1501,"Tempatnya cozy buat nongkrong , tapi waktu gue kesana wifi nya lg gangguan , pelayanan kurang memuaskan , gue minta menu lama bgt nggak dikasih2 , harga overpriced .",UNKNOWN,POSITIVE,NEGATIVE,NEGATIVE
1510,"Pelayanan buruk sekali , lama banget nunggu 1 jam lebih , pesen chicken ramen dan nggak di kasih info kalo sold out . Order zenbu teppanyaki 2 yang dianter cuma 1 , selebihnya nunggu 1 jam lebih . Parah . Pelayanan buruk , main oper operan . Not recommend kalo untuk lunch deh . Jangan sekali kali , nunggu 1,5jam juga nggak cukup . Kesel . Managernya juga ngga fungsi .",UNKNOWN,UNKNOWN,UNKNOWN,NEGATIVE
1537,"Menu makanan yang isi nya ayam yang lucu "" dan sedap . Tapi kali ini saya order bulgogy spicy yang enak dan nasinya juga gurih sedap.kimchi nya asem pedas dan salad yang juga top.tempat luas pelayanan cepat.kurangnya mgkn krn tidak banyak menu lain.untuk harga relatif tidak mahal.satu orang kena 85rb .",POSITIVE,POSITIVE,POSITIVE,POSITIVE
1538,"Tempatnya bagus. Instagrammable banget tempat nya buat foto2 san konsepnya unik. Tapi untuk segi makanan kurang sih, platingnya bagus tapi untuk rasanya kurang sesuai ekspektasi.",NEGATIVE,POSITIVE,UNKNOWN,UNKNOWN
1575,Tom yum tallaynya ngga enak seafoodnya bau amis bangeet . terus harganya agak mahal dibandingkan dengan yang lain t*mtom pokoknya ngga sesuai .,NEGATIVE,UNKNOWN,NEGATIVE,UNKNOWN
1587,"Harga mahal. Service kurang menghargai customer. Kecewa banget makan disini. Kurang baik dalam melayani customer, padahal harga mahal. Amit2.",UNKNOWN,UNKNOWN,NEGATIVE,NEGATIVE
1626,"Tempatnya lumayan pewe jd pas bingung mau kmn gw memutuskan buat makan disini deh . Karna emang niatnya cuma ngemil2 aja jadinya pas disini cmn pesen healthy bowl nya aja & pesen yang berry nana , isinya ada blueberry , banana , lychee granola Dari segi rasa emang enak cmn ga trlalu suka sama tekstur nya yang trlalu encer Tapi kalo buat service & harganya oke kok .",POSITIVE,POSITIVE,POSITIVE,POSITIVE
164,"Baru sekali sih kesini tapi udah kecewa aja , pelayanannya ga bagus . Mulai dari mesen pelayannya ditanya apa jawabnya apa trs bnyak gataunya lagi . Apa lagi makanannya dateng lama banget . Waktu itu gue mesen burger sama pasta . Dari burger dateng sampe habis itu pasta ga dateng juga , udah bolak balik nanya ke pelayannya pun tetep aja lama . Pas pastanya udah dianter ya udah ga gt selera jadinya , tadinya mau pesen pancake/wafle juga jd males . Sayang banget padahal makanannya enak , cuma gegara pelayanannya kurang memuaskan jd ga bikin pengen dateng lagi .",POSITIVE,UNKNOWN,UNKNOWN,NEGATIVE
1649,"Pelayanan disini kurang bagus , bisa dibilang amat jelek , pesenan sampe keselip nunggu nya lama bukan main , pelayan nya juga ngga ramah . Pelayanan disini bad banget lah pokoknya . But makanan nya the best . Sesuai sama harga enak kok rasanya .",POSITIVE,UNKNOWN,POSITIVE,NEGATIVE
1677,"harga kemahalan, pelayanan jelek tapi interior bagus.",UNKNOWN,POSITIVE,NEGATIVE,NEGATIVE
1686,Kmaren lg pengen calamary .. krna dkt dr rumah jd mampir kesini . Trnyata rasa nya biasa aja rasa tepung nya polos ga ada gurih2 nya . Nd mayo nya asem doank yah .,NEGATIVE,UNKNOWN,UNKNOWN,UNKNOWN
1690,"Tempatnya lumayan , suasananya seperti resto2 di bandung . Cuma sayang gak didukung sama rasa makanannya . Kalo menurut saya sih rasanya tidak enak . Yang seger cuma minumannya aja , kebetulan saya pesen "" Kabayan "" itu campuran sprite-jeruk nipis - daun minta .",NEGATIVE,POSITIVE,UNKNOWN,UNKNOWN
1694,Pelayanannya payah banget pegawainya kebanyakan berdiri dan ngobrol saja bukannya melayani malah sibuk sendiri. Soal taste makanannya enak.,POSITIVE,UNKNOWN,UNKNOWN,NEGATIVE
1704,"Pelayanan didalam kurang ramah , apa mungkin karna lagi ramai ya , jadi makanannya lama datangnya , malah ayam nya keras : ( sedih pdhl udah nunggu lama . Tapi tempatnya memang enak . Cuma untuk makanan kayaknya kurang enak .",NEGATIVE,POSITIVE,UNKNOWN,NEGATIVE
1710,"Pelayanan lama , dan billing tidak sesuai pesanan.ada pesanan yg ditolak tapi tetap ditagihkan kebilling.bukanya harusnya yg di cancel langsung dikeluarin dari billing pesanan ? ?",UNKNOWN,UNKNOWN,UNKNOWN,NEGATIVE
175,"Makan disini kemari malam , Pelayanan lama , pesanan saya baru dateng setelah kurang lebih 1 jam , itu juga harus ditanya dulu dan alesannya karena lupa .",UNKNOWN,UNKNOWN,UNKNOWN,NEGATIVE
1774,"Datang kesini karna istri saya sering bilang betapa enaknya Babura yang di Medan. Ternyata yang cabang Jakarta tidak seenak yang di Medan (kata istri saya, karna saya sendiri belum pernah coba yang di Medan). Harga termasuk mahal, dan service nya juga kurang baik.",NEGATIVE,UNKNOWN,NEGATIVE,NEGATIVE
178,"Udah cobain lama tapi baru sempet review hehe . Menurut gue cukup unik design nya , bagus banget untuk foto foto . Untuk rasa makanan lumayan enak dan harga juga standart seperti makanan hotel .",POSITIVE,POSITIVE,POSITIVE,UNKNOWN
1780,"Tempatnya nyaman bgt buat ber hahahihi time sama tmn atau pacar dan bikin betah berlama2 ditambah alunan musik Jazz . Buat makanan so far enak smua , cuma cappuccino blendnya terlalu cair . Pastinya tmpt yang akan didatengin lagi..",POSITIVE,POSITIVE,UNKNOWN,UNKNOWN
1782,"Pelayanannya kurang ramah , mbaknya pada jutek gitu sayang banget padahal makanannya lumayan enak enak dan banyak jajanan jajanan Jepangnya . Tempatnya kurang besar aja jadi berisik sekali bahkan kita bisa denger suara orang yang duduknya di ujung .",POSITIVE,NEGATIVE,UNKNOWN,NEGATIVE
1794,"Hari ini ke mister sunday buat ngerjain skripsi . Tempatnya gak susah buat di cari dan parkirannya juga luas , jadi gak susah buat parkirnya . karena udah makan jadi cuman cobain cakenya , tadi cobain salted caramel brownies sama butter cheddar cakenya . untuk cakenya rasanya biasa aja , tapi mending yang brownies dibanding butter cakenya . Tapi untuk tempatnya nyaman banget dan cozy banget , cocok buat nongkrong sama nugas gitu . tempatnya bikin betah lama lama .",NEGATIVE,POSITIVE,UNKNOWN,UNKNOWN
1814,"Harganya mahal bangettttt. Pelayan kurang ramah dan pelayanan kurang berkualitas. Response lamban. Siap siap baju bau kalau masuk resto ini, sepertinya ventilasi di tempat ini kurang baik. NOT RECOMMENDED.",UNKNOWN,NEGATIVE,NEGATIVE,NEGATIVE
1815,Makan disini saat jam buka puasa . Alhasil sangat crowded nunggu 15 menitan baru dapat tempat duduk . Order makanan dan minuman langsung . Makanan datang sangat lama dan datangnya satu satu dengan jeda waktu yang cukup lama . Ada kali stngah jam per menu . Padahal makanan nya enak tapi pelayanan nya lama mungkin karen lagi ramai dan pekerja sedikit . Harga makanan dan minuman mahal tapi tidak memuaskan karena datang makanan satu satu dan lama .,POSITIVE,UNKNOWN,NEGATIVE,NEGATIVE
1858,Ni tempat udah kecil engap. pelayannya nyebelin dan lama. Bener2 paket lengkap untuk jadi restoran yang membosankan. Beda cerita dengan ssikek gading.,UNKNOWN,NEGATIVE,UNKNOWN,NEGATIVE
1867,"Kemarin ke sini buat nongki2 sama temen . Tempatnya bagus , nyaman . Lucu gitu konsep pintunya pintu jangkar . Dia ada dua lantai , yg di bawah agak gelap , ada tv nya , non smoking . sedangkan yang di atas agak terang tp dia smoking room . So far sih asik ya , makanannya jg OK lah . Asik kok buat nongkrong lama2 pake laptop . Kalo bosen bisa nonton .",POSITIVE,POSITIVE,UNKNOWN,UNKNOWN
1871,"Menurut saya , tempatnya terlalu berisik karna speaker musiknya . menunya lumayan oke , but nothing special .",POSITIVE,NEGATIVE,UNKNOWN,UNKNOWN
1874,Restoran ini cukup nyaman untuk keluarga. Suasananya enak dan pelayanannya baik dan ramah. Saya pesan smokey baby back ribs. Menurut saya dagingnya lembut tapi kurang juicy. Bbq saucenya terlalu manis untuk saya tapi saya suka chili saucenya. Saya suka french fries nya karena besar dan garing. Untuk minum saya pesan ice lemon tea.,POSITIVE,POSITIVE,UNKNOWN,POSITIVE
1889,"Rasanya tidak enak , tidak sesuai dengan harganya . Dari semua menu hanya saus bolognase dan carbonara nya yang masih bisa dinikmati di lidah .",NEGATIVE,UNKNOWN,NEGATIVE,UNKNOWN
1891,"Dari segi tempat nya itu nyaman bgt buat ngopi sambil ngerjain tugas , walau ga terlalu besar tp tetep nyaman apalagi kalo lg sepi udah berasa dirumah sendiri . My fav is red velvet latte itu kalo ga salah harganya 28k , rasa nya enak ga terlalu pait dan ga terlalu manis . Buat yg suka ngopi you must try popolo coffe !",POSITIVE,POSITIVE,UNKNOWN,UNKNOWN
1893,"Pelayanan lama , makanya tidak heran restaurant selalu penuh . Rasa makanan biasa aja , sebenarnya tidak ada yg terlalu special dari restaurant ini cuma daging iga digulung dengan keju mozzarela .",NEGATIVE,UNKNOWN,UNKNOWN,NEGATIVE
1897,"Semua menunya sehat banget , menu kekinian yang lagi hits , berbagai pilihan smoothies bowls , dan dicantumkan kalori yang terkandung di menu tersebut . Saya pesan amaze-bowl yang basenya dragon fruit serta berbagai beri-berian . Porsi cukup besar . Tempatnya nyaman banget dan harganya cukup terjangkau dengan isian menu yang cukup banyak . Juara deh ! !",POSITIVE,POSITIVE,POSITIVE,UNKNOWN
19,"Disini gw pesen nutella frappe karna rekomendasinya , gw pesen green tea sama butter croissant nya . Makanannya dingin , tempatnya jg ga enak , nyamuknya banyak , huhuhu .",NEGATIVE,NEGATIVE,UNKNOWN,UNKNOWN
1902,Satu lagi nih tempat nongkrong di bogor . Resto atau mungkin lebih cocok disebut cafe . Tempat ini pas banget buat ngumpul bareng temen2 . Suasananya nyaman dan kekinian . Hanya saja rasa makanan disini kurang ok dan harganya overpriced .,NEGATIVE,POSITIVE,NEGATIVE,UNKNOWN
1923,"tempatnya baguss untuk foto2, enak buat nongkrong, dan juga aesthetic. tp service nya lambat karena pegawainya kurang banyak. dan makanan dtgnya juga lambat. saya memesan fish and chips rasanya so so, kurang enak dan tidak worth it",NEGATIVE,POSITIVE,UNKNOWN,NEGATIVE
1938,"Makanan enak , tempatnya nyaman , dan pelayananya juga bagus , makanan yang bisa gw rekomen anchovy garlic cream fondue , spicy lobster and shrimp pasta , dancing salsa rice with beef , steaknya juga .",POSITIVE,POSITIVE,UNKNOWN,POSITIVE
1945,Sushi disini enak jugaa . Tempatnya bagus . Tapi rame bangettt . Pelayanannya kurang apalagi kalo lagi rame . Kalo lagi rame pelayannya tuh lama banget . Makanan ga dianter2 malahan dia lupa . Tapi makanannya sih oke .,POSITIVE,POSITIVE,UNKNOWN,NEGATIVE
1968,"Entah gue lagi ga hoki apa gimana, kemaren waktu kesini pesen mie goreng khusus rasanya ga enak. Mienya masih kuning dan licin, teksturnya ga kasar bumbunya belum meresap. Sama ada bau asem sedikit kayanya sayurannya udah ga seger. Udah gitu aja. Kecewa aja sih pertama kali kesini tapi jauh dari ekspektasi.",NEGATIVE,UNKNOWN,UNKNOWN,UNKNOWN
1976,harga mahal untuk merasakan makanan yang memiliki rasa gak enak dan membuat lidah marah dan dompet pengen ngumpet . tempat ini lebih fokus terhadap designnya dibanding makanan which is a bad thing for a restaurant .,NEGATIVE,UNKNOWN,NEGATIVE,UNKNOWN
1989,"En japanese dining makanannya enak enak dan juga dari segi service oke banget . Tapi , untuk dari segi harga emang a lil bit too expensive ! but it 's worth",POSITIVE,UNKNOWN,NEGATIVE,POSITIVE
210,"Tempatnya terlalu sempiiitttt. Meja kecil buat makan ber 5 padahal layaknya cuma buat 3 org dah cukup penuh. Rasa makanannya lumayan enak,dibilang enak banget sih masih dalam taraf standart untuk harga yang ga murah,masih ada yg lebih enak dengan harga yang sama. Kalau mau makan disini ngga disarankan pada weekend krn penuh banget. Pelayanannya lumayan ok. Japchae nya yang ga enak disini,ga disarankan untuk pesen sih selama resep mereka belum diganti. Hambar ga da rasa,kurang cocok untuk lidah orang Indo yang kaya rasa (buat org Korea mungkin pas). Untuk bakar2annya sih lumayan enak jadi masih ok lah buat makan disini.",POSITIVE,NEGATIVE,UNKNOWN,POSITIVE
227,"Tempatnya oke, interiornya asik bikin betahhh. Pastrynya jg enak2 sm minuman yg Orange apa gt lupa enakkk bgt ampe nambah huahaha cm 1 kurangnya, ada mba2 nya yg ngeselin bgt. Pas ditanya ttg minumannya bs jadi pake ice apa ga jwbnnya Ngga, trus muka nya nyolot bgt. Eh pas aku tanya sm 1 lg mba2nya, dia blg bisa. Buat product knowledge nya diperdalam dong, udah mana sok jutek. Jd males kesini lagi gr2 pelayanannya begini.",POSITIVE,POSITIVE,UNKNOWN,NEGATIVE
264,"buat tempatnya very recommend sangat cozy dan nyaman , namun untuk makanan dan minumannya standart untuk rasanya , dan sangat disesali pelayanannya yg tidak ramah membuat tidak ingin untuk datang kemari lagi : )",NEGATIVE,POSITIVE,UNKNOWN,NEGATIVE
269,"Servicenya payah , mesen makan ada kali 1-2jam ga dateng , sampai akhirnya ri cancel . Its really frustrating , tempatnya doang asik . Sorry to say ya , bener bener disappointed . Semoga berhasil dan bertahan lama ya restorannya .",UNKNOWN,POSITIVE,UNKNOWN,NEGATIVE
277,"Tidak terlalu banyak pilihan makanan di menunya . Saya kesini dengan teman , saya pesan fish and chips dan teman saya pesan iga bakar . Rasa makanannya terlalu asin untuk lidah saya dan makanannya datang terlalu lama . Tempatnya lumayan bagus dan nyaman .",NEGATIVE,POSITIVE,UNKNOWN,NEGATIVE
305,"Waktu pertama kesini nyoba okonomiyaki dan rasanya enak banget . Kedua kali kesini nyoba takoyaki , enak deh luarnya garing tapi tetep enakan okonomiyaki hehe . All item harga disini 30rb . Tiap dateng kesini selalu dapet tempat yg menghadap tembok soalnya rame terus .",POSITIVE,UNKNOWN,UNKNOWN,UNKNOWN
329,Jarang-jarang mampir ke coffee shop dan kebetulan tempat ini lumayan hits di bogor so ... mampir kesini . Tempatnya enak ... supeeeeer cozy dan juga bersih ! Cocok bgt yang emang mencari tempat tenang sambil ngopi dan cari inspirasi . Pelayanannya ok banget baristanya ramah-ramah . Minumannya ya sama aja sih kaya coffee shop kebanyakan tp rasanya juga ngga kalah enak .,POSITIVE,POSITIVE,UNKNOWN,POSITIVE
34,"Makanannya enak , tempat nya bagus , pelayanannya cepat dan memuaskan . Ada outdoor , indoor , dan meeting room . Bisa buat meeting kantor dan very recommended place to hang out with friends !",POSITIVE,POSITIVE,UNKNOWN,POSITIVE
37,"Tempatnya convinience. suasana lumayan enak. makanannya ok. beef teriyaki don nya recommended bgt, gw siy suka bgt sm salmon cheesenya. ok lah.",POSITIVE,POSITIVE,UNKNOWN,UNKNOWN
384,"Iseng kesini krn bosen sama resto Itu2 aja di PP dan kebetulan blm pernah coba . Gak ekspektasi terlalu tinggi sih sbnrnya , tapi ternyata semua makanan yg ak pesen enak2 bgt ! Dan bibimbapnya rasanya authentic , enak banget . Pajeonnya juga enak . Jjigaenya juga enak . Malahan jd kepengen kapan2 balik lagi , krn enak dan harganya juga terjangkau .",POSITIVE,UNKNOWN,POSITIVE,UNKNOWN
406,"Tempatnya nyaman karna ga terlalu banyak pengunjungnya jg , jd buat ngobrol santai & private bisa dipilih tempat yang 1 ini kalo lg ke daerah Kemang . Untuk harga memang disini relatif agak mahal , jd jangan lupa tanya menu yg recommended sebelum pesan .",UNKNOWN,POSITIVE,NEGATIVE,UNKNOWN
410,"Waktu kesini pesennya mie , sup kepiting , terus sama ayam goreng mentega . Makanan disini cukup enak tapi service dari pelayan nya kurang ramahhh .",POSITIVE,UNKNOWN,UNKNOWN,NEGATIVE
427,"Tempatnya sempit, gerah dan pelayanannya tidak memuaskan. Pelayannya jutek ngga peka, entah knp br make wifi benyaran ditempat ini lngsng problem. Makanan dimenu tidak sesuai dengan ekspektasi serta realitanya.",NEGATIVE,NEGATIVE,UNKNOWN,NEGATIVE
428,"Pelayanannya sangat buruk. Datang malam minggu tempatnya rame dan sempit. Lgs dpt tempat duduk. Ada 4 pelayan yg nganggur tp pelanggan dtg ga dikasih menu. Ada satu pelayan wanita badannya agak gemuk malah ngaca2 dpn wastafel tamu dandan begitu saya mau cuci tangan dan minta menunya dia lgs ngedumel bilang ""ihhh"" sambil matanya keatas. padahal saya mintanya jg baik dan sopan. Pesen 3 yg cone dan chocolate yg apa parfait gt. yg parfait dtg stlh 10menit pesen. eh malah yg cone ga dtg2 pdhl kan cone doang, sampe minta 5x nanyain es nya mana juga gadtg2 30menit cuma nunggu ice cream cone aja. Pas minta yg ke 4x mbak2nya yg td nyebelin malah kayak kesel sendiri trs judes nanya td siapa yg ngelayanin trs malah nyalahin sambil marah2 pelayan bapak2 yg tua. Makan disini gaada enak2nya. Kalau emg petugas semua ga niat kerja gaush dipekerjakan. Tidak bs melayani, tdk sopan, tdk tanggap. Sangat buruk. Padahal saya sebenarnya bukan org yg peduli harus pelayanan yg sangat bagus. tp kalau ini emg udh kelewatan.",UNKNOWN,UNKNOWN,UNKNOWN,NEGATIVE
447,"Tempatnya enak, konsepnya lucu. Cuman pelayannya sedikit, jadinya lama. Udh nunggu 1 jam makanan dan minuman belom keluar, akhirnya kita keluar.",UNKNOWN,POSITIVE,UNKNOWN,NEGATIVE
45,Pertama kali mencoba cafe berdua dengan teman putri ini karena dekat dengan kost nya . Kopinya mantap dan cemilannya OK. Suasana nyaman dan parkir cukup untuk mobil besar dan jalan di depan tidak terlalu macet . Harga cukup murah . Recommended utk dicoba .,POSITIVE,POSITIVE,POSITIVE,UNKNOWN
454,"Pelayanan buruk , pesan nasi bebek goreng tidak enak dan nasi keras . 30 menit belom dtg nasinya kemudian baru blg nasi baru dimasak . trus minta password wifi katanya rame jadi ga dikasih.. trus pesan chocolate dan es krim saja 40 menit ++ . pdhl rasany ga buruk tpi pelayanannya parah .",NEGATIVE,UNKNOWN,UNKNOWN,NEGATIVE
47,"Makanannya enak-enak dan cukup yummy , satu yang kurang dan janggal , restoran korea ini adalah side dish , disini ga ada side dish kaya resto korea lainnya hehe that 's a minus point for me Tapi walau ga ada side dish , makanannya enak , apalagi toppoki dan chicken bibimbab nya . Kuah sup nya enak banget , setau aku itu kuah samgyetang yang merupakan sup ayam ginseng korea . Aku dapet free ice cream with rengginang yang rasanya cukup enak ternyata pas di combine , cukup upload foto di instagram and tag ke bibigo nya ! 1 lagi , tempatnya enak , apalagi bisa duduk di kapal-kapal yang ada di pasific place gitu . Overall makanannya yummy deh , i would like to recommend this resto and also would come back again to eat their toppoki and other dishes .",POSITIVE,POSITIVE,UNKNOWN,UNKNOWN
484,"Rasa makanannya enak , meski nggak pk banget . Pelayanannya juga ok , mushollanya ok..hanya parkir mobilnya susahnya minta ampun..mana pas di tikungan .",POSITIVE,NEGATIVE,UNKNOWN,POSITIVE
489,Tempatnya nyaman buat berlama lama ngobrol dan nongkrong . Pelayanan nya ramah bgt . Makanan nya enak utk taco chili apa gitu sama dolce banana nya boleh bgt utk dicoba hihi . Harga nya sih sesuai kok sama kualitas dan rasa . Tempatnya ada di lantai 3 gedung gitu kalo mau kesini harus diliat banget supaya ga kelewat hihi,POSITIVE,POSITIVE,POSITIVE,POSITIVE
533,"Tempatnya bagus , cozy . Tapi kenapa pelayanannya skrg jd kurang baik . Saya udh duduk di bagian sofa luar , terus tibatiba saya disuruh pindah ke meja yg lain dikarena kan sudah di reserved , padahal pas awal saya dtg , blm ada tulisan utk di reserved dan diperbolehkan duduk . Setelah saya pindah ke table lain , baru di taro tulisan reserved nya . Agak kesel sih . Semoga diperbaiki lg service nya .",UNKNOWN,POSITIVE,UNKNOWN,NEGATIVE
535,Makanannya enak bgt . Tempatnya kecil sih jadi suka penuh terus . Makanan yang nasi campurnya paling enak karena pedes bgt . Fitzroy buka di bintaro dong pasti laku . Karena daerah senopati udah ngebosenin karena jauh dari bintaro .,POSITIVE,NEGATIVE,UNKNOWN,UNKNOWN
537,"Sukaaa banget tempatnya ! Pas bgt waktu kesini belom rame jd bisa foto2 . Waktu kesini order beef nachos & salsa sauce , spaghetti salmon , fettucini carbonara , thai ice tea , dan escargot . Masaknya agak lama , tapi rasanya enak kok ... spaghetti salmonnya kurang sih . Escargotnya lumayan . Thai ice tea disini enak . Waiternya ramah bgt . Recommended place !",POSITIVE,POSITIVE,UNKNOWN,POSITIVE
538,"Baru sabtu lalu coba untuk makan disini.. Interior resto nya lucu banget dan cozy banget , ada indoor & outdoor jg . Outdoor nya pun unik . Untuk makanan order prawn aglio olio , nasi goreng kampung , chicken cordon bleu , sweet orange chicken rice . Taste nya enak ga mengecewakan karna sempet kecewa dengan pelayanan nya yang superrrrrrr duperrrrr lama.. Porsi nya lumayan banyak..Harga nya jg standard kok untuk makan didalam hotel .",POSITIVE,POSITIVE,POSITIVE,NEGATIVE
54,"Tempatnya bagus, enak dan nyaman buat duduk2. Suka banget sama macem2 pilihan minumannya semuanya rata-rata enak dan unik rasanyaa untuk makanan cukup ok.",POSITIVE,POSITIVE,UNKNOWN,UNKNOWN
541,Pesen makanan lama bgttt udh mau satu jem gak keluar keluarr trus minta di cekin makanannya udh di proses ato belom gak ada kelanjutannn . grrrrrrrr bete bangetttt . trus mau bill embaknya ga minta maaf malah nyolot bgttt dia malah bilang jadi bayar minuman aja ??? Yaiyalaaaahhhhh makanan gak dtg. yg lain aja udh pada dtg. ee mbaknya jawabnya nyolot bgttt arghh kesel bgtttttt .,UNKNOWN,UNKNOWN,UNKNOWN,NEGATIVE
550,"Pelayanannya lama sekali . Pesanan baru datang setelah 1.5 jam . Makanannya malah datang ke pengunjung yang datang belakangan . Padahal itu yg saya pesan . Setelah lama nunggu akhirnya datang juga , tapi sayang nya menunya salah jadi terpaksa nunggu lagi setengah jam an . Ampun deh.. padahal restoran ini bukan restoran baru .",UNKNOWN,UNKNOWN,UNKNOWN,NEGATIVE
554,"Tempatnya cozy , kopinya enak , wifinya kenceng , colokan ada disetiap bangku , toiletnya unik ala-ala koboi gitu.Recommended . Mungkin sofa cantiknya bisa ditambah .",POSITIVE,POSITIVE,UNKNOWN,UNKNOWN
56,"Kesini 2 kali, sempet harus antri tapi untungnya gak lama. Penasaran banget pas liat postingan orang dan akhirnya nyobain juga. Tapi rasa ayamnya emang enak banget parah, either you order the kkanpun king (if you like sweet spicy) or the nest snow (if you like cream). Harganya mahal memang. I ordered 2 menu for 4 pax. Staffnya juga ramah dan cekatan.",POSITIVE,UNKNOWN,NEGATIVE,POSITIVE
563,"Makanannya hambar , tidak ada rasanya . minumannya jg kurang enak , juice terlalu cair.. Harga tidak sesuai dengan rasa . Pelayanan sangat kurang dan tidak ramah . Very not recommended .",NEGATIVE,UNKNOWN,NEGATIVE,NEGATIVE
570,rasa enak tapi pelayanan parah lama dan pegawai ribut depan customer.. yang di lantai 2 bersabar aja.. pelayanan keatas ud pencet bel tetep ga dateng .,POSITIVE,UNKNOWN,UNKNOWN,NEGATIVE
593,"Cafe ini enak dessertnya, menunya pun oke bervariasi khas korea. Tapi suasananya kok ga nyaman sekali ya, pas jam kerja, bisa2nya manajer briefing dgn suara yg lumayan besar dan itu terjadi di ruangan tempat duduk customer (lihat foto) , sangat2 menganggu sekali !",POSITIVE,NEGATIVE,UNKNOWN,UNKNOWN
623,"Agak kecewa pas makan disini , pelayanan ya lama bangeett . dan harus nunggu lebih dari 45mnit makanannya baru keluar..untuk rasa biasa aja .",NEGATIVE,UNKNOWN,UNKNOWN,NEGATIVE
645,"Pelayanan yang kurang ramah, kalo pake kupon/ voucher, biasanya di layani blkgan dan kalo kapasitas orangnya banyak, bisa"" di suruh pulang :(",UNKNOWN,UNKNOWN,UNKNOWN,NEGATIVE
688,Point yang paling menonjol adalah tempat yang nyaman dan bersih . Parkir luas . Enak buat tempat kongkow2 . Rasa makanan standar aja imo . Point negatif adalah pelayanannya yang super lama aka lelet !,POSITIVE,POSITIVE,UNKNOWN,NEGATIVE
691,"Tempatnya asik si tapi rasanya kurang enak menurut gue , soal harga juga mahal . Pelayanan nya juga ramah , Nah yang paling penting wifi kenceng sob .",NEGATIVE,POSITIVE,NEGATIVE,POSITIVE
714,"Tempatnya tidak enak , harganya ga sesuai sama rasanya , pelayanannya pun ga bagus2 amad . Overall sih dissapointed . Tidak sebagus yang difoto untuk suasananya hijaunya , hanya tanaman biasa . Habis dari situ langsung ke tempat lain .",UNKNOWN,NEGATIVE,NEGATIVE,NEGATIVE
718,"Tempat yg cozy , namun manajemen order yang buruk . Nota sering tertukar , menu pesanan meja lain masuk ke bill kita . Pesan minuman sudah dari awal , justru makanan dulu yang datang . Dan minuman di tukar aqua dingin , karena alasan es batu habis dan close order . Padahal kita pesan sebelum makanan . Sangat buruk untuk tempat sekelas ini .",UNKNOWN,POSITIVE,UNKNOWN,NEGATIVE
722,"Sangat ga rekomendasi makan di pisa kafe menteng ! Kemarin sama temen-temen kesini pelayanan buruk , harga terlalu mahal buat makanan yang ga enak ! Pesen fish and chips rasa nya kayak nuget . Pesen spageti rasanya kayak mie . Pesen sandwich apalah itu rasanya lumayan tapi bentuk kayak terong . Pesen salmon yang katanya direkomendasikan gilaak banyak banget tulangnya ! ! Pasti ga dibersihin dulu dari pasar langsung di panggang ! ! ! Aaah pokoknya nyesel lah makan di pisa kafe menteng !",NEGATIVE,UNKNOWN,NEGATIVE,NEGATIVE
727,Pelayanan lama makanan gak enak es telernya taste nya buruk.. cake and dessertnya kosong cmn ada 1 pilihan . Tempat oke . Sayang tempat duduk yg didepan hanya buat untung waiting list nunggu .,NEGATIVE,POSITIVE,UNKNOWN,NEGATIVE
733,saya ingin mencari makan di pik avenue mall. melihat ada resto akatama yang designnya menarik dan saya memesan tempura udon dan agedashi tofu sebenarnya rasanya enak tetapi masih agak tawar dan servicenya juga bagus.,POSITIVE,POSITIVE,UNKNOWN,POSITIVE
734,"saya kecewa sekali sama sushi tei di tempat ini . menurut saya ini sushi tei terparah yang pernah saya makan . saya dan keluarga pesan beberapa sushi dan ikan sanma . ukuran sushinya kecil , rasa sanmanya juga ga enak . dan total tagihan kita sampai 500rb , padahal makanannya super ga enak . pelayanannya juga payah . sangat nyesel makan di sini , ga akan lagi makan di sini .",NEGATIVE,UNKNOWN,NEGATIVE,NEGATIVE
748,"Buat pecinta kopi pasti suka kesini nih karena disini ada banyaaak bgt jenis kopi smpe aku bingung sendiri . Karena aku suka kopi tp ga terlalu ngerti , aku selalu minta rekomen dr mas2nya yg ga terlalu asem . Untuk snacknya juga enak2 ! Tempatnya seru ala2 kayu gt tp emg sempit sih kecil gitu dan kalo lg rame suka full of smoke but it 's ok .",POSITIVE,POSITIVE,UNKNOWN,UNKNOWN
75,"Makanannya enak , porsinya kurang banyak . Menu pasta ataupun nasi rasanya pas . Tempatnya nyaman . Pelayanannya juga cukup baik , fasilitas cafenya oke .",POSITIVE,POSITIVE,NEGATIVE,POSITIVE
750,Waktu disini nyobain topokki sama galbi bangsang . Topokkinya enak bisa buat sharing . Trs daging galbinya enak bgt sih tp tipis dan cuman 3 slice : ( padahal pricenya lumayan mahal kirain banyak gt . Servicenya cepet dan memuaskan,POSITIVE,UNKNOWN,NEGATIVE,POSITIVE
753,"Just so so lah yaa, tempatnya ga begitu nyaman. Ga ada AC dan kipas anginnya juga ga banyak, jadi kerasa makan di terik matahari bro, #ups. Kalo mie nya bagi yg belum pernah nyoba wajib nyoba dsini, kuahnya yg kentel enak bgt. Lumayan lah bagi yg belum pernah nyoba. Harganya lumayan mahal sih bro menurut gue untuk ukuran mie dengan tempat yg kurang cozy.",POSITIVE,NEGATIVE,NEGATIVE,UNKNOWN
786,"Tempatnya cukup bagus , ada tempat duduk bagi yang merokok . Cocok untuk makan siang kantoran . Servicenya cukup lama apalagi pas jam siang . Saya order fish cake , ayam pandan dan pad thai . Menurut saya rasanya cukup ok dan harga cukup ok .",POSITIVE,POSITIVE,POSITIVE,NEGATIVE
799,"Udah kesini 2x karena ngidam. Mesti nyobain yang Garlic Fried Chicken, enaaak! Porsinya banyak banget, makan ber3 aja ga habis dan mesti bawa pulang Worth it karena porsinya yg besar. Sempet pesen juga beer yg diatasnya ada whipped cream. Enak juga tapi ga sesuai ekspektasi aja. Ada 2 lantai, jadi walaupun rame, tetep kebagian tempat. Karena memang Korean resto, jadi BG-nya lagu korea semua hahaha #gapenting.",POSITIVE,UNKNOWN,POSITIVE,UNKNOWN
817,"Tempatnya cozy, tapi kurang colokan doang sih di tempat lesehannya. Dan lama pelayanannya. Rasa makanannya ga terlalu enak sih karna gue coba ramen ayam, terus icip2 salad kok kayak karedok.",NEGATIVE,POSITIVE,UNKNOWN,NEGATIVE
825,Penasaran sama prince house pas kesini kecewa parah . Lama banget dan servis nya ga memuaskan . Makanan nya standar bgtt . Wafle doang yg mendingan sm pizza nya . Panini nya alot banget .,NEGATIVE,UNKNOWN,UNKNOWN,NEGATIVE
862,"Hari sabtu kemarin saya dinner dgn my gf disini , pelayanannya ok dan cepat . Proses reservasinyapun mudah dan yg terpenting makanannya enak serta suasannya ok bgt buat dijadiin tempat dinner , mau kasih masukkan aja kalau bisa winenya datang sesudah makanan disajikan jgn sebelumnya : )",POSITIVE,POSITIVE,UNKNOWN,POSITIVE
864,"Ini pertama kalinya gue kesini dan tempatnya kecil di lantai 2 . Tapi jujur ini makanan vegetarian terenak yg pernah gue coba dengan harga yang ga mahal . Gue pesen Quarto Burger , Greenonigiri Platter , dan Raw strawberry cheese cake buat di share bareng temen . Yang paling gue suka greenonigiri nya enak banget dan next time pastinya bakal balik lagi .",POSITIVE,NEGATIVE,POSITIVE,UNKNOWN
882,"Tempatnya sebenernya bagus dan unik. Tapi pelayanan menurut gue kurang. Waiternya ada yang kurang sopan, nadanya kurang sopan dan gue ngedenger kalau dia menyuruh temannya (sesama waiter) buat memberitahu pelanggan lain untuk pergi karna sudah mau close. Pdhl msh jam 9.11, dan close jam 10malem. Tolong untuk kesopanannya mas. Gue jd gabegitu respect dengan cafe ini.",UNKNOWN,POSITIVE,UNKNOWN,NEGATIVE
895,Bad service dan ngga enak makanannya sangat tawar. Makanan yg sy pesan aglio olio chicken. Ngga rekomen sm tempat ini. Pelayananya buruk dan jutek (padahal keliahatannga ownernya yg melayani) yg bagian hitung2 uang dikasir. Omg sangat kecewa pdhal lg laper bgt.,NEGATIVE,UNKNOWN,UNKNOWN,NEGATIVE
898,"Penasaran sama cafe yang satu ini . Sebelumnya gw baca reviewnya dulu di sini . Kebanyakan kurang puas sama makanannya . Ya udah gw pesen minumannya . Dari segi interior ya mayanlah ya comic banget , tempatnya luas , liat cover menunya juga comic tapi ko menu2nya biasa aja ya , kurang greget gitu . Gw pesen minuman aja , Ice Greentea Latte . Rasanya terlalu manis dan gelasnya kurang bersih . Service pelayannya kurang cepat buat yg area luar . Pelayannya juga kurang ramah , jutek2 mukanya . Need more improvement !",NEGATIVE,POSITIVE,UNKNOWN,NEGATIVE
910,"Tempatnya cozy banget , sore sore kesini enak deh. Makananannya enak tp harganya mahal hehe . Maybe jual view yaaah. banyak ikan di emapangnya. Cocok buat bawa keluarga kesini . Pelayananya lama :(",POSITIVE,POSITIVE,NEGATIVE,NEGATIVE
912,"The first kesini , kurang enak ternyata dessert nya tapi tempat nya nyaman kok pelayanan nya ya lumayan ramah lah hehe . Wifi nya jg kenceng hehe .",NEGATIVE,POSITIVE,UNKNOWN,POSITIVE
93,"Service nya buruk ... Kami sekeluarga baru selesai makan sekitar 5 menit , waiter datang untung ambil piring2 di meja . Sama aja ngusir customer . Padahal kondisi resto sedang tidak ramai . Kalau sdg ramai kami maklum , mgkn piring dkk habis .",UNKNOWN,UNKNOWN,UNKNOWN,NEGATIVE
946,"Tempatnya keren, suasananya menyenangkan dan snacknya enak! Sayang saya nggak sempat mencoba main coursenya karena pas ke sana masih kenyang. Coffee creme brulee-nya bikin agak mixed feeling. Lapisan creme brulee di atasnya enak, sweet & crispy like it should be. Tapi pas sampai menghirup kopinya, agak keenceran. Mereka juga menyediakan aneka varian teh. Dan saya mencicip hot Morroccan mint green tea yang segar.",POSITIVE,POSITIVE,UNKNOWN,UNKNOWN
979,"Super not recommended tmptnya. Cm kekinian aja. Rasa kurang enak. Harga overprice apalg sushi sen roll nya. Dan 1 yg bikin gak puas d sini service nya gak oke banget. Baru abis bayar, waiter nya uda nanya ""mbak masi berapa lg yah d sini, soalnya tamunya uda marah2?"" So what. Emang saya gak bayar apa d sini? Org jg tau uda mulai waiting cm gak usa nanya seperti itu menunjukkan pelayanan gak bagus d sini. Baru 1 stgah jem d sini msa d usir seperti itu, sory to say pelayanan plg buruk d resto ini.",NEGATIVE,UNKNOWN,NEGATIVE,NEGATIVE
990,Tempatnya keren tapi service nya sangat buruk . Saya dateng kemaren sore hujan tapi dibiarin berdiri . Nggak SOPAN saya diladenin sama yang pakai kacamata . Sombong sekali kalo bicara . Mungkin managementnya kurang bisa mengatur dengan baik . Saya kecewa sekali dan bikin saya kapok datang lagi .,UNKNOWN,POSITIVE,UNKNOWN,NEGATIVE
999,"Pelayanannya jelek banget, parah. Sorry to say. Temen saya pesen soto ayam, saya pesen ayam bumbu rujak. Setelah 20 menit nunggu, Mba-nya nyamperin lagi ke meja dan bilang kalo soto ayam-nya habis. Jadi daritadi 20 menit pesenan kita belum dibikin gitu? Akhirnya ganti jd soto daging. Agak kesel sih tapi yaudah. Setelah itu pesenan kita ga dateng-dateng lamaaaaaaaa banget, dari laper sampe ga mood makan. Pas dimakan, oh my God nasinya keras banget. Bener-bener keras. Dan end up ga bisa dimakan nasinya. Ini nasi sisa kemarin apa gimana ya? Hehe. Sorry banget tapi ini benar-benar mengecewakan. Rasa makanannya juga amburadul. Tahu tempenya ga enak, soto ayam temen saya jg ga enak, tapi ayam bakar bumbu rujaknya yah lumayan lah. Intinya super bad experience here, pelayanannya sangat sangat mengecewakan. Se-parah-itu. :)",NEGATIVE,UNKNOWN,UNKNOWN,NEGATIVE
